district,sector,urban_rural,house_type,num_bedrooms,num_rooms_total,floor_area_sqm,wall_material,floor_material,roof_material,has_electricity,has_piped_water,has_indoor_toilet,has_kitchen,has_parking,distance_to_cbd_km,road_access,is_near_cbd,monthly_rent_rwf,data_source
Gasabo,Shyorongi,peri_urban,apartment,2,3,45.5,brick,earth,iron_sheet,1,1,1,1,1,7.0,murram,0,29000,EICV5_synthetic
Gasabo,Jabana,peri_urban,standalone,2,4,39.5,brick,tiles,iron_sheet,0,1,1,1,0,9.9,tarmac,0,58000,EICV5_synthetic
Gasabo,Kimironko,peri_urban,shared_compound,2,3,51.4,brick,cement,iron_sheet,0,1,1,0,1,4.3,tarmac,0,33000,EICV5_synthetic
Gasabo,Kacyiru,peri_urban,standalone,3,6,46.1,brick,cement,tiles,1,0,0,1,1,4.5,footpath,0,25000,EICV5_synthetic
Gasabo,Shyorongi,urban,standalone,1,2,19.3,concrete,tiles,tiles,1,1,0,0,0,3.1,tarmac,0,58000,EICV5_synthetic
Gasabo,Nduba,rural,standalone,3,6,76.2,mud_brick,earth,iron_sheet,0,0,1,1,1,9.1,murram,0,19000,EICV5_synthetic
Gasabo,Gikomero,urban,standalone,4,6,60.4,brick,cement,tiles,1,1,1,1,0,1.0,murram,1,83000,EICV5_synthetic
Gasabo,Gatsata,urban,standalone,1,3,15.0,brick,earth,iron_sheet,0,1,0,1,0,1.0,murram,1,40000,EICV5_synthetic
Gasabo,Gatsata,urban,standalone,4,6,101.7,mixed,cement,iron_sheet,1,1,1,1,1,2.4,tarmac,1,110000,EICV5_synthetic
Gasabo,Rusororo,urban,apartment,3,5,55.7,concrete,cement,iron_sheet,1,1,1,1,0,0.6,tarmac,1,70000,EICV5_synthetic
Gasabo,Gikomero,urban,standalone,2,3,32.4,brick,tiles,iron_sheet,1,1,1,1,0,1.1,tarmac,1,122000,EICV5_synthetic
Gasabo,Gatsata,peri_urban,standalone,2,4,36.4,mud_brick,tiles,iron_sheet,0,1,0,1,0,6.1,murram,0,25000,EICV5_synthetic
Gasabo,Remera,urban,standalone,2,5,31.2,concrete,cement,iron_sheet,1,0,0,0,0,2.9,tarmac,1,87000,EICV5_synthetic
Gasabo,Kacyiru,urban,shared_compound,3,6,69.7,brick,tiles,iron_sheet,0,1,1,1,0,4.7,tarmac,0,48000,EICV5_synthetic
Gasabo,Kacyiru,peri_urban,shared_compound,2,3,37.7,concrete,cement,iron_sheet,0,0,1,1,1,3.6,tarmac,0,75000,EICV5_synthetic
Gasabo,Ndera,peri_urban,standalone,2,3,33.8,brick,tiles,iron_sheet,1,0,0,1,0,6.6,murram,0,34000,EICV5_synthetic
Gasabo,Remera,urban,standalone,2,4,45.5,brick,tiles,iron_sheet,1,1,0,1,1,4.0,tarmac,0,49000,EICV5_synthetic
Gasabo,Remera,urban,standalone,5,6,133.5,mixed,tiles,tiles,1,1,0,1,0,4.1,tarmac,0,109000,EICV5_synthetic
Gasabo,Kacyiru,peri_urban,standalone,2,3,46.0,brick,cement,iron_sheet,0,1,0,1,0,10.1,footpath,0,78000,EICV5_synthetic
Gasabo,Gisozi,peri_urban,shared_compound,2,4,33.3,mud_brick,cement,iron_sheet,1,1,1,1,0,7.7,murram,0,49000,EICV5_synthetic
Gasabo,Kimironko,urban,apartment,2,5,41.6,brick,tiles,iron_sheet,1,1,1,0,0,1.1,murram,1,51000,EICV5_synthetic
Gasabo,Rutunga,urban,standalone,2,4,33.7,mixed,tiles,iron_sheet,1,0,1,0,1,4.5,tarmac,0,72000,EICV5_synthetic
Gasabo,Gatsata,peri_urban,shared_compound,2,5,36.8,brick,earth,iron_sheet,1,1,1,1,0,9.8,murram,0,25000,EICV5_synthetic
Gasabo,Kacyiru,urban,apartment,2,4,45.2,brick,tiles,concrete,0,1,0,1,0,3.7,tarmac,0,60000,EICV5_synthetic
Gasabo,Kacyiru,peri_urban,standalone,4,6,82.7,mud_brick,cement,iron_sheet,1,0,1,1,0,7.0,murram,0,29000,EICV5_synthetic
Gasabo,Kimironko,peri_urban,apartment,3,6,49.2,mixed,cement,iron_sheet,0,1,0,1,0,5.7,footpath,0,28000,EICV5_synthetic
Gasabo,Gisozi,urban,apartment,3,4,70.4,brick,cement,iron_sheet,1,1,0,1,1,2.0,tarmac,1,89000,EICV5_synthetic
Gasabo,Kacyiru,peri_urban,standalone,1,3,18.5,mud_brick,earth,iron_sheet,1,0,0,1,0,8.1,murram,0,64000,EICV5_synthetic
Gasabo,Kacyiru,rural,apartment,3,4,49.1,mud_brick,earth,grass,1,0,1,0,0,11.4,footpath,0,23000,EICV5_synthetic
Gasabo,Gisozi,peri_urban,standalone,3,6,43.4,brick,tiles,iron_sheet,1,0,0,1,1,9.7,tarmac,0,46000,EICV5_synthetic
Gasabo,Rusororo,rural,apartment,2,4,29.9,mixed,earth,grass,0,1,1,1,0,11.9,murram,0,28000,EICV5_synthetic
Gasabo,Kinyinya,urban,apartment,1,4,20.3,brick,tiles,concrete,1,1,1,0,0,4.2,murram,0,67000,EICV5_synthetic
Gasabo,Kimironko,rural,apartment,1,4,19.3,mud_brick,earth,iron_sheet,0,0,1,1,0,19.8,murram,0,26000,EICV5_synthetic
Gasabo,Rusororo,peri_urban,standalone,2,5,48.4,concrete,cement,iron_sheet,1,1,0,1,1,3.7,footpath,0,79000,EICV5_synthetic
Gasabo,Remera,urban,apartment,3,4,68.8,concrete,tiles,iron_sheet,1,1,1,1,1,0.6,murram,1,153000,EICV5_synthetic
Gasabo,Kimironko,peri_urban,standalone,3,4,72.1,mud_brick,tiles,iron_sheet,1,1,1,1,0,8.8,footpath,0,52000,EICV5_synthetic
Gasabo,Shyorongi,urban,apartment,3,6,53.8,brick,cement,iron_sheet,1,1,1,1,0,1.3,tarmac,1,61000,EICV5_synthetic
Gasabo,Bumbogo,urban,shared_compound,2,5,31.9,brick,cement,tiles,1,1,0,1,0,0.7,tarmac,1,94000,EICV5_synthetic
Gasabo,Jali,urban,standalone,2,4,38.6,concrete,tiles,iron_sheet,1,1,0,1,1,0.7,murram,1,90000,EICV5_synthetic
Gasabo,Remera,urban,apartment,5,8,109.5,brick,cement,iron_sheet,1,0,1,1,0,2.8,tarmac,1,40000,EICV5_synthetic
Gasabo,Jabana,peri_urban,standalone,1,2,20.7,concrete,cement,iron_sheet,1,0,0,1,0,5.2,tarmac,0,64000,EICV5_synthetic
Gasabo,Shyorongi,urban,standalone,2,3,50.8,brick,cement,iron_sheet,1,1,1,0,1,1.7,tarmac,1,55000,EICV5_synthetic
Gasabo,Jabana,rural,shared_compound,3,4,53.4,brick,cement,grass,1,0,1,1,0,10.7,murram,0,25000,EICV5_synthetic
Gasabo,Ndera,rural,standalone,3,4,52.7,brick,cement,iron_sheet,0,1,0,1,1,12.2,footpath,0,26000,EICV5_synthetic
Gasabo,Kimironko,urban,apartment,2,5,43.9,concrete,cement,iron_sheet,0,0,1,1,1,1.4,murram,1,77000,EICV5_synthetic
Gasabo,Kimironko,urban,apartment,4,6,91.2,mud_brick,cement,iron_sheet,1,1,0,0,1,2.3,tarmac,1,111000,EICV5_synthetic
Gasabo,Remera,rural,standalone,2,3,44.8,mixed,earth,iron_sheet,0,0,0,0,1,21.7,footpath,0,20000,EICV5_synthetic
Gasabo,Gisozi,urban,apartment,1,3,23.0,brick,tiles,iron_sheet,1,1,1,1,0,1.6,tarmac,1,54000,EICV5_synthetic
Gasabo,Rusororo,urban,apartment,4,5,90.8,concrete,tiles,iron_sheet,1,1,1,1,0,4.5,tarmac,0,57000,EICV5_synthetic
Gasabo,Remera,peri_urban,villa,4,7,92.2,concrete,tiles,tiles,1,0,1,0,0,5.2,murram,0,32000,EICV5_synthetic
Gasabo,Jali,rural,apartment,2,4,34.2,mud_brick,earth,iron_sheet,1,1,1,1,0,13.2,footpath,0,34000,EICV5_synthetic
Gasabo,Jali,peri_urban,standalone,1,4,16.2,brick,earth,iron_sheet,1,1,1,1,0,11.8,murram,0,38000,EICV5_synthetic
Gasabo,Rusororo,rural,shared_compound,1,2,21.3,mud_brick,earth,grass,0,0,1,0,0,22.1,murram,0,23000,EICV5_synthetic
Gasabo,Bumbogo,urban,apartment,2,4,35.1,mixed,cement,iron_sheet,1,0,1,1,1,2.7,tarmac,1,52000,EICV5_synthetic
Gasabo,Gisozi,urban,standalone,4,5,71.0,brick,cement,iron_sheet,0,1,0,0,1,1.8,murram,1,137000,EICV5_synthetic
Gasabo,Ndera,urban,standalone,5,6,109.8,brick,tiles,tiles,1,1,1,1,0,2.0,murram,1,148000,EICV5_synthetic
Gasabo,Ndera,peri_urban,standalone,3,6,66.1,brick,cement,iron_sheet,0,1,1,1,1,7.4,murram,0,29000,EICV5_synthetic
Gasabo,Gisozi,rural,standalone,2,3,45.2,brick,cement,iron_sheet,1,0,1,0,0,17.9,footpath,0,25000,EICV5_synthetic
Gasabo,Jabana,urban,apartment,2,4,32.7,mixed,tiles,iron_sheet,1,1,1,1,0,3.1,tarmac,0,112000,EICV5_synthetic
Gasabo,Gatsata,urban,standalone,3,4,79.5,concrete,tiles,iron_sheet,1,0,0,1,1,4.5,murram,0,64000,EICV5_synthetic
Gasabo,Rusororo,urban,apartment,5,6,90.5,mud_brick,tiles,iron_sheet,1,1,1,1,1,1.5,tarmac,1,40000,EICV5_synthetic
Gasabo,Kacyiru,rural,standalone,2,4,33.6,brick,earth,iron_sheet,1,0,0,0,1,12.0,murram,0,22000,EICV5_synthetic
Gasabo,Remera,urban,villa,3,6,46.7,concrete,tiles,iron_sheet,1,0,1,1,0,3.2,murram,0,62000,EICV5_synthetic
Gasabo,Nduba,urban,standalone,2,5,44.6,brick,cement,iron_sheet,1,1,0,1,1,0.7,murram,1,101000,EICV5_synthetic
Gasabo,Remera,rural,shared_compound,1,4,14.9,mixed,cement,grass,1,0,1,0,0,14.6,murram,0,43000,EICV5_synthetic
Gasabo,Rutunga,peri_urban,apartment,3,6,47.3,concrete,earth,tiles,0,0,0,1,0,6.6,murram,0,92000,EICV5_synthetic
Gasabo,Rusororo,urban,standalone,3,4,71.2,brick,cement,tiles,1,1,1,1,1,2.9,murram,1,49000,EICV5_synthetic
Gasabo,Kinyinya,urban,apartment,5,6,115.2,brick,cement,iron_sheet,1,1,1,1,0,1.9,tarmac,1,161000,EICV5_synthetic
Gasabo,Kimironko,urban,shared_compound,3,5,61.6,brick,cement,concrete,1,1,0,1,1,3.8,murram,0,85000,EICV5_synthetic
Gasabo,Kacyiru,rural,standalone,1,2,22.7,mud_brick,earth,grass,1,0,1,1,0,24.5,footpath,0,38000,EICV5_synthetic
Gasabo,Gikomero,peri_urban,standalone,3,6,45.7,mud_brick,earth,iron_sheet,0,1,0,1,1,7.7,tarmac,0,45000,EICV5_synthetic
Gasabo,Remera,urban,shared_compound,1,4,16.0,mixed,cement,concrete,1,0,1,1,0,2.4,tarmac,1,72000,EICV5_synthetic
Gasabo,Rusororo,urban,standalone,3,4,67.3,concrete,tiles,iron_sheet,1,1,1,1,0,3.6,tarmac,0,77000,EICV5_synthetic
Gasabo,Gatsata,urban,villa,3,6,80.7,brick,tiles,tiles,1,1,0,1,0,4.8,murram,0,40000,EICV5_synthetic
Gasabo,Gatsata,peri_urban,standalone,2,5,33.2,concrete,tiles,iron_sheet,1,1,1,1,0,10.4,tarmac,0,73000,EICV5_synthetic
Gasabo,Jabana,peri_urban,standalone,1,2,15.7,mud_brick,cement,iron_sheet,0,0,1,1,0,10.8,murram,0,78000,EICV5_synthetic
Gasabo,Rusororo,urban,apartment,1,3,17.2,mud_brick,tiles,iron_sheet,1,1,1,0,0,2.4,tarmac,1,40000,EICV5_synthetic
Gasabo,Kinyinya,urban,apartment,4,5,58.0,concrete,tiles,iron_sheet,0,1,1,1,1,3.8,murram,0,40000,EICV5_synthetic
Gasabo,Kinyinya,peri_urban,standalone,1,4,16.7,brick,cement,iron_sheet,1,1,1,0,0,8.0,murram,0,40000,EICV5_synthetic
Gasabo,Shyorongi,urban,standalone,5,6,99.0,brick,tiles,concrete,1,1,0,1,0,2.5,murram,1,41000,EICV5_synthetic
Gasabo,Gatsata,urban,standalone,4,6,60.5,brick,tiles,concrete,1,1,0,1,0,0.8,tarmac,1,51000,EICV5_synthetic
Gasabo,Remera,rural,standalone,2,3,36.8,mud_brick,earth,iron_sheet,0,0,0,0,1,13.2,murram,0,14000,EICV5_synthetic
Gasabo,Shyorongi,urban,shared_compound,2,4,44.2,mixed,tiles,iron_sheet,1,1,0,1,0,3.9,tarmac,0,97000,EICV5_synthetic
Gasabo,Ndera,peri_urban,shared_compound,2,4,51.7,brick,cement,tiles,1,0,1,1,1,11.6,murram,0,31000,EICV5_synthetic
Gasabo,Remera,urban,apartment,3,5,46.9,mud_brick,cement,iron_sheet,1,1,0,1,1,1.7,murram,1,144000,EICV5_synthetic
Gasabo,Bumbogo,rural,standalone,1,3,24.2,brick,cement,iron_sheet,1,1,1,1,0,17.6,murram,0,12000,EICV5_synthetic
Gasabo,Gikomero,peri_urban,shared_compound,1,2,23.4,brick,cement,iron_sheet,0,1,1,0,1,11.7,footpath,0,108000,EICV5_synthetic
Gasabo,Bumbogo,urban,standalone,2,5,53.4,brick,cement,iron_sheet,1,1,1,1,1,3.8,murram,0,40000,EICV5_synthetic
Gasabo,Bumbogo,peri_urban,standalone,2,5,53.9,brick,cement,iron_sheet,1,1,1,0,0,8.8,murram,0,64000,EICV5_synthetic
Gasabo,Remera,urban,apartment,3,4,56.9,brick,cement,iron_sheet,0,1,1,1,0,2.2,murram,1,76000,EICV5_synthetic
Gasabo,Shyorongi,rural,standalone,1,4,22.7,mud_brick,earth,iron_sheet,0,1,1,1,1,15.1,murram,0,15000,EICV5_synthetic
Gasabo,Nduba,peri_urban,apartment,3,6,71.8,mud_brick,cement,iron_sheet,0,0,0,1,0,10.2,murram,0,44000,EICV5_synthetic
Gasabo,Gikomero,peri_urban,standalone,3,5,70.9,mud_brick,cement,iron_sheet,0,0,1,1,0,7.0,tarmac,0,41000,EICV5_synthetic
Gasabo,Bumbogo,urban,shared_compound,3,6,78.4,mixed,tiles,tiles,1,1,1,0,1,3.5,tarmac,0,52000,EICV5_synthetic
Gasabo,Rusororo,peri_urban,apartment,1,3,14.5,brick,earth,iron_sheet,1,0,1,1,0,6.5,footpath,0,59000,EICV5_synthetic
Gasabo,Jali,peri_urban,standalone,1,2,21.9,brick,cement,iron_sheet,1,0,1,0,0,10.1,footpath,0,51000,EICV5_synthetic
Gasabo,Gisozi,peri_urban,apartment,1,4,15.2,brick,cement,iron_sheet,0,1,0,0,0,7.3,murram,0,48000,EICV5_synthetic
Gasabo,Kinyinya,peri_urban,standalone,1,3,23.4,brick,cement,tiles,1,1,1,1,0,11.4,murram,0,180000,EICV5_synthetic
Gasabo,Bumbogo,rural,standalone,3,5,43.7,mud_brick,earth,grass,1,0,1,1,0,22.3,footpath,0,25000,EICV5_synthetic
Gasabo,Jali,urban,standalone,4,5,92.4,concrete,cement,iron_sheet,1,1,1,0,0,4.1,tarmac,0,175000,EICV5_synthetic
Gasabo,Remera,rural,shared_compound,3,5,44.4,mud_brick,earth,grass,0,0,0,1,1,14.9,murram,0,31000,EICV5_synthetic
Gasabo,Kacyiru,urban,standalone,2,3,47.9,brick,tiles,iron_sheet,0,1,0,1,0,2.1,tarmac,1,40000,EICV5_synthetic
Gasabo,Kinyinya,urban,standalone,3,4,72.0,brick,cement,concrete,1,1,1,1,1,3.2,tarmac,0,71000,EICV5_synthetic
Gasabo,Rusororo,peri_urban,apartment,2,3,36.3,mixed,earth,iron_sheet,1,1,1,1,0,10.8,tarmac,0,68000,EICV5_synthetic
Gasabo,Gisozi,urban,apartment,3,4,55.2,brick,cement,concrete,0,1,1,1,0,4.2,tarmac,0,67000,EICV5_synthetic
Gasabo,Jali,peri_urban,standalone,1,4,19.4,brick,cement,iron_sheet,0,1,1,1,0,10.7,murram,0,25000,EICV5_synthetic
Gasabo,Nduba,urban,standalone,2,4,46.7,brick,tiles,iron_sheet,1,1,1,1,0,3.7,tarmac,0,40000,EICV5_synthetic
Gasabo,Bumbogo,urban,shared_compound,3,5,56.2,mixed,cement,iron_sheet,1,1,0,1,0,4.9,tarmac,0,61000,EICV5_synthetic
Gasabo,Kimironko,urban,shared_compound,5,8,89.6,brick,tiles,tiles,0,1,1,1,0,2.3,tarmac,1,79000,EICV5_synthetic
Gasabo,Kimironko,peri_urban,standalone,3,4,44.3,mixed,cement,iron_sheet,0,1,1,1,1,9.1,murram,0,25000,EICV5_synthetic
Gasabo,Ndera,urban,apartment,4,6,92.1,concrete,cement,iron_sheet,1,1,1,1,0,3.3,tarmac,0,97000,EICV5_synthetic
Gasabo,Nduba,peri_urban,apartment,1,3,20.8,mud_brick,cement,iron_sheet,1,0,1,1,0,5.5,murram,0,48000,EICV5_synthetic
Gasabo,Shyorongi,rural,standalone,1,2,25.7,mud_brick,cement,iron_sheet,0,0,1,1,0,16.1,murram,0,25000,EICV5_synthetic
Gasabo,Kacyiru,urban,apartment,4,5,99.8,concrete,cement,iron_sheet,1,1,0,1,1,1.5,tarmac,1,40000,EICV5_synthetic
Gasabo,Bumbogo,peri_urban,standalone,3,6,53.6,concrete,cement,iron_sheet,1,1,1,1,1,6.0,tarmac,0,37000,EICV5_synthetic
Gasabo,Rusororo,urban,apartment,3,5,53.0,concrete,cement,iron_sheet,1,1,1,1,0,3.9,tarmac,0,111000,EICV5_synthetic
Gasabo,Rusororo,urban,standalone,4,5,73.0,concrete,cement,iron_sheet,1,1,1,1,0,2.8,tarmac,1,40000,EICV5_synthetic
Gasabo,Shyorongi,peri_urban,apartment,4,5,60.6,brick,tiles,tiles,0,0,1,1,0,11.2,murram,0,50000,EICV5_synthetic
Gasabo,Kimironko,urban,standalone,2,4,43.8,concrete,tiles,concrete,1,0,1,1,0,4.5,tarmac,0,41000,EICV5_synthetic
Gasabo,Gisozi,peri_urban,shared_compound,1,4,22.3,mud_brick,cement,iron_sheet,1,0,1,1,1,5.7,tarmac,0,26000,EICV5_synthetic
Gasabo,Gisozi,peri_urban,standalone,2,3,34.8,brick,tiles,iron_sheet,0,0,0,1,0,8.8,murram,0,70000,EICV5_synthetic
Gasabo,Jabana,peri_urban,standalone,2,5,51.9,concrete,cement,tiles,0,1,0,0,0,5.2,footpath,0,52000,EICV5_synthetic
Gasabo,Kacyiru,urban,standalone,2,3,35.6,concrete,cement,iron_sheet,1,0,0,0,0,1.1,tarmac,1,73000,EICV5_synthetic
Gasabo,Gisozi,urban,standalone,3,5,73.0,mixed,tiles,tiles,1,0,0,1,1,3.4,tarmac,0,47000,EICV5_synthetic
Gasabo,Gisozi,urban,standalone,3,6,65.8,concrete,tiles,iron_sheet,1,1,1,1,0,1.1,tarmac,1,118000,EICV5_synthetic
Gasabo,Gatsata,peri_urban,apartment,3,5,77.8,brick,earth,iron_sheet,0,1,1,1,1,4.9,murram,0,59000,EICV5_synthetic
Gasabo,Remera,peri_urban,standalone,3,4,56.1,concrete,earth,tiles,1,1,0,1,0,4.2,murram,0,48000,EICV5_synthetic
Gasabo,Nduba,rural,apartment,1,4,21.1,mud_brick,cement,iron_sheet,0,1,0,1,0,15.5,footpath,0,12000,EICV5_synthetic
Gasabo,Remera,rural,shared_compound,2,4,33.8,mud_brick,earth,iron_sheet,0,0,1,0,0,22.2,footpath,0,15000,EICV5_synthetic
Gasabo,Remera,urban,shared_compound,4,7,93.1,brick,cement,concrete,0,1,1,1,0,2.3,murram,1,138000,EICV5_synthetic
Gasabo,Bumbogo,urban,apartment,3,6,55.0,brick,cement,concrete,1,1,1,1,0,2.3,tarmac,1,60000,EICV5_synthetic
Gasabo,Ndera,urban,standalone,3,5,51.4,brick,tiles,iron_sheet,1,1,1,1,1,3.7,tarmac,0,82000,EICV5_synthetic
Gasabo,Kinyinya,urban,villa,2,3,44.5,brick,earth,concrete,1,0,1,1,0,1.2,tarmac,1,84000,EICV5_synthetic
Gasabo,Rusororo,peri_urban,apartment,2,5,32.9,mud_brick,earth,iron_sheet,0,1,1,1,0,11.9,murram,0,45000,EICV5_synthetic
Gasabo,Gisozi,rural,standalone,2,3,50.2,brick,cement,iron_sheet,0,0,0,1,0,12.5,murram,0,40000,EICV5_synthetic
Gasabo,Kinyinya,peri_urban,villa,3,4,62.3,brick,cement,iron_sheet,1,0,1,0,0,6.8,murram,0,25000,EICV5_synthetic
Gasabo,Jabana,peri_urban,standalone,3,6,76.0,brick,earth,iron_sheet,0,1,1,1,0,4.0,murram,0,77000,EICV5_synthetic
Gasabo,Kacyiru,urban,apartment,2,3,45.8,concrete,cement,iron_sheet,1,1,0,1,0,4.9,tarmac,0,132000,EICV5_synthetic
Gasabo,Bumbogo,urban,standalone,2,3,38.7,concrete,tiles,iron_sheet,1,1,1,1,0,1.8,tarmac,1,62000,EICV5_synthetic
Gasabo,Gatsata,rural,apartment,2,4,42.1,mud_brick,cement,iron_sheet,1,0,0,1,0,13.5,murram,0,24000,EICV5_synthetic
Gasabo,Rusororo,urban,shared_compound,4,7,89.3,brick,tiles,iron_sheet,1,1,1,1,0,3.2,tarmac,0,70000,EICV5_synthetic
Gasabo,Gatsata,urban,apartment,3,4,53.2,mixed,tiles,tiles,1,1,1,1,0,3.7,tarmac,0,70000,EICV5_synthetic
Gasabo,Remera,peri_urban,shared_compound,2,4,38.6,mud_brick,cement,iron_sheet,1,0,1,1,1,4.7,murram,0,88000,EICV5_synthetic
Gasabo,Gisozi,urban,standalone,2,4,38.4,brick,tiles,iron_sheet,1,0,1,1,0,4.7,tarmac,0,40000,EICV5_synthetic
Gasabo,Remera,urban,shared_compound,2,4,47.5,brick,earth,tiles,0,1,1,1,0,0.8,tarmac,1,57000,EICV5_synthetic
Gasabo,Gatsata,peri_urban,apartment,3,6,69.8,mud_brick,earth,iron_sheet,1,1,1,0,0,10.3,murram,0,69000,EICV5_synthetic
Gasabo,Remera,urban,standalone,2,5,30.2,concrete,cement,concrete,1,1,0,1,0,4.1,tarmac,0,72000,EICV5_synthetic
Gasabo,Remera,peri_urban,apartment,2,5,29.0,brick,earth,iron_sheet,1,1,1,0,0,3.9,footpath,0,28000,EICV5_synthetic
Gasabo,Bumbogo,urban,shared_compound,3,5,80.3,brick,earth,concrete,1,0,1,1,1,1.9,tarmac,1,126000,EICV5_synthetic
Gasabo,Kimironko,urban,shared_compound,2,4,53.9,brick,cement,tiles,1,1,0,1,0,0.7,tarmac,1,40000,EICV5_synthetic
Gasabo,Kimironko,urban,standalone,4,5,89.9,brick,tiles,iron_sheet,1,0,1,1,1,4.1,murram,0,80000,EICV5_synthetic
Gasabo,Gatsata,urban,apartment,3,5,51.6,concrete,tiles,concrete,1,0,0,0,0,1.7,tarmac,1,77000,EICV5_synthetic
Gasabo,Gisozi,urban,standalone,3,4,64.1,concrete,tiles,iron_sheet,0,1,1,0,1,3.1,tarmac,0,62000,EICV5_synthetic
Gasabo,Rusororo,urban,standalone,4,5,76.8,mud_brick,tiles,concrete,0,0,0,1,0,2.9,tarmac,1,136000,EICV5_synthetic
Gasabo,Ndera,rural,villa,2,4,42.2,brick,cement,iron_sheet,0,1,1,0,1,10.0,murram,0,38000,EICV5_synthetic
Gasabo,Ndera,urban,standalone,3,5,51.6,concrete,tiles,iron_sheet,1,1,1,0,0,4.6,tarmac,0,62000,EICV5_synthetic
Gasabo,Ndera,peri_urban,apartment,3,4,71.6,concrete,earth,iron_sheet,1,0,1,1,0,7.3,murram,0,29000,EICV5_synthetic
Gasabo,Bumbogo,peri_urban,apartment,2,4,45.2,concrete,earth,iron_sheet,1,1,1,1,0,9.6,murram,0,103000,EICV5_synthetic
Gasabo,Gisozi,urban,apartment,2,5,31.1,brick,cement,iron_sheet,1,1,0,1,1,4.1,tarmac,0,40000,EICV5_synthetic
Gasabo,Rusororo,urban,standalone,3,5,66.2,mud_brick,cement,concrete,1,1,1,1,0,4.9,tarmac,0,124000,EICV5_synthetic
Gasabo,Kimironko,peri_urban,shared_compound,2,5,45.9,mixed,earth,iron_sheet,1,1,1,0,1,10.7,tarmac,0,52000,EICV5_synthetic
Gasabo,Kinyinya,peri_urban,apartment,1,4,21.9,concrete,earth,iron_sheet,0,1,1,0,0,3.9,murram,0,27000,EICV5_synthetic
Gasabo,Rutunga,urban,standalone,3,5,44.7,mud_brick,cement,concrete,1,1,0,1,1,2.1,tarmac,1,72000,EICV5_synthetic
Gasabo,Kimironko,peri_urban,shared_compound,1,3,26.8,brick,tiles,iron_sheet,1,0,1,0,0,6.1,murram,0,97000,EICV5_synthetic
Gasabo,Bumbogo,urban,standalone,2,3,43.6,concrete,cement,iron_sheet,0,1,1,1,0,2.0,tarmac,1,92000,EICV5_synthetic
Gasabo,Ndera,urban,standalone,1,4,16.4,mixed,cement,tiles,1,1,1,1,0,0.6,tarmac,1,122000,EICV5_synthetic
Gasabo,Kacyiru,urban,shared_compound,3,6,75.5,brick,cement,iron_sheet,1,1,0,1,0,2.1,murram,1,76000,EICV5_synthetic
Gasabo,Bumbogo,peri_urban,apartment,1,2,22.0,mud_brick,earth,iron_sheet,1,0,1,1,0,10.3,footpath,0,41000,EICV5_synthetic
Gasabo,Gisozi,urban,standalone,2,3,40.4,mud_brick,tiles,iron_sheet,1,1,1,1,0,1.1,tarmac,1,125000,EICV5_synthetic
Gasabo,Gatsata,rural,standalone,2,3,46.6,mud_brick,cement,grass,0,0,0,1,0,12.1,murram,0,16000,EICV5_synthetic
Gasabo,Remera,urban,standalone,2,5,35.5,mixed,cement,iron_sheet,1,1,0,1,0,4.2,tarmac,0,62000,EICV5_synthetic
Gasabo,Kimironko,urban,standalone,1,3,16.4,mud_brick,tiles,tiles,1,1,1,1,0,2.7,tarmac,1,63000,EICV5_synthetic
Gasabo,Kacyiru,peri_urban,shared_compound,2,4,35.1,brick,cement,iron_sheet,0,0,1,1,0,7.8,murram,0,36000,EICV5_synthetic
Gasabo,Jabana,urban,standalone,1,2,15.0,brick,cement,iron_sheet,0,1,1,1,0,2.0,tarmac,1,195000,EICV5_synthetic
Gasabo,Kacyiru,urban,apartment,4,6,77.1,concrete,earth,iron_sheet,0,1,1,1,0,3.8,tarmac,0,40000,EICV5_synthetic
Gasabo,Shyorongi,urban,standalone,2,4,52.7,concrete,tiles,iron_sheet,1,0,1,0,0,1.3,tarmac,1,73000,EICV5_synthetic
Gasabo,Shyorongi,rural,standalone,1,4,16.2,brick,cement,iron_sheet,0,1,1,1,0,20.7,murram,0,42000,EICV5_synthetic
Gasabo,Gikomero,urban,standalone,3,5,77.6,mud_brick,cement,concrete,1,1,1,0,1,3.8,tarmac,0,62000,EICV5_synthetic
Gasabo,Gatsata,peri_urban,standalone,2,3,51.4,brick,tiles,iron_sheet,1,1,1,1,1,7.3,murram,0,69000,EICV5_synthetic
Gasabo,Jabana,urban,shared_compound,3,5,57.3,concrete,cement,tiles,1,1,0,1,0,1.0,murram,1,157000,EICV5_synthetic
Gasabo,Jabana,peri_urban,standalone,3,6,74.3,brick,cement,tiles,0,1,0,1,1,5.5,murram,0,56000,EICV5_synthetic
Gasabo,Gikomero,rural,apartment,2,5,53.8,brick,earth,iron_sheet,1,1,1,0,0,24.1,murram,0,19000,EICV5_synthetic
Gasabo,Kimironko,urban,shared_compound,1,2,14.9,brick,cement,concrete,1,0,0,1,0,4.4,tarmac,0,53000,EICV5_synthetic
Gasabo,Remera,urban,apartment,5,6,95.5,mud_brick,tiles,concrete,1,1,1,0,0,3.0,tarmac,1,40000,EICV5_synthetic
Gasabo,Remera,urban,standalone,2,3,49.5,brick,earth,tiles,1,1,1,1,0,4.9,murram,0,178000,EICV5_synthetic
Gasabo,Kimironko,urban,apartment,2,3,39.9,brick,tiles,iron_sheet,1,1,1,1,0,2.8,murram,1,53000,EICV5_synthetic
Gasabo,Gikomero,rural,standalone,2,3,32.3,mud_brick,cement,iron_sheet,1,0,1,1,0,18.1,footpath,0,56000,EICV5_synthetic
Gasabo,Bumbogo,urban,shared_compound,2,3,45.3,concrete,tiles,concrete,1,1,1,1,0,2.4,tarmac,1,80000,EICV5_synthetic
Gasabo,Jabana,urban,standalone,2,5,49.4,brick,cement,iron_sheet,1,1,1,1,1,2.2,tarmac,1,40000,EICV5_synthetic
Gasabo,Kimironko,peri_urban,standalone,2,5,32.0,mud_brick,earth,tiles,0,0,1,1,0,6.3,murram,0,40000,EICV5_synthetic
Gasabo,Remera,peri_urban,apartment,3,4,50.1,brick,earth,iron_sheet,1,0,0,1,0,4.6,footpath,0,76000,EICV5_synthetic
Gasabo,Gisozi,urban,apartment,4,7,61.0,concrete,tiles,concrete,1,1,1,1,0,2.8,tarmac,1,92000,EICV5_synthetic
Gasabo,Bumbogo,urban,standalone,3,5,77.7,brick,tiles,iron_sheet,1,1,0,1,1,4.3,tarmac,0,161000,EICV5_synthetic
Gasabo,Kimironko,urban,shared_compound,3,5,78.6,mixed,cement,iron_sheet,1,1,0,1,0,2.8,tarmac,1,42000,EICV5_synthetic
Gasabo,Jali,peri_urban,apartment,3,5,57.6,brick,earth,iron_sheet,1,1,1,1,1,7.8,tarmac,0,74000,EICV5_synthetic
Gasabo,Kimironko,peri_urban,standalone,2,4,43.5,mud_brick,tiles,iron_sheet,0,0,0,0,0,3.8,murram,0,115000,EICV5_synthetic
Gasabo,Kacyiru,peri_urban,standalone,2,5,41.6,brick,tiles,iron_sheet,1,1,1,0,0,9.1,murram,0,37000,EICV5_synthetic
Gasabo,Kimironko,peri_urban,shared_compound,1,4,22.3,mixed,tiles,iron_sheet,1,1,1,1,1,3.7,murram,0,30000,EICV5_synthetic
Gasabo,Gisozi,urban,apartment,1,2,24.3,mixed,tiles,iron_sheet,1,1,1,1,0,1.7,tarmac,1,61000,EICV5_synthetic
Gasabo,Ndera,rural,standalone,3,5,78.2,mixed,cement,iron_sheet,1,1,1,0,0,24.6,murram,0,24000,EICV5_synthetic
Gasabo,Rusororo,peri_urban,shared_compound,1,2,15.4,brick,earth,tiles,0,1,1,1,1,5.3,tarmac,0,25000,EICV5_synthetic
Gasabo,Gikomero,urban,apartment,3,6,45.9,brick,tiles,tiles,1,0,1,1,1,5.0,murram,0,64000,EICV5_synthetic
Gasabo,Kacyiru,urban,apartment,5,7,105.7,concrete,cement,tiles,1,1,1,1,1,2.9,murram,1,75000,EICV5_synthetic
Gasabo,Nduba,urban,standalone,1,4,25.9,concrete,cement,tiles,1,1,1,0,1,3.9,tarmac,0,58000,EICV5_synthetic
Gasabo,Kimironko,urban,standalone,4,7,67.7,brick,cement,iron_sheet,1,1,1,1,1,1.6,tarmac,1,40000,EICV5_synthetic
Gasabo,Gatsata,urban,apartment,2,5,49.9,mixed,cement,iron_sheet,1,1,1,0,0,2.4,murram,1,85000,EICV5_synthetic
Gasabo,Shyorongi,urban,apartment,2,5,39.6,mixed,tiles,tiles,0,1,0,1,0,3.5,murram,0,40000,EICV5_synthetic
Gasabo,Rutunga,urban,standalone,2,3,36.4,brick,tiles,iron_sheet,1,1,1,1,1,1.6,murram,1,94000,EICV5_synthetic
Gasabo,Gatsata,peri_urban,apartment,3,6,60.6,mud_brick,earth,iron_sheet,1,0,1,1,0,9.1,murram,0,31000,EICV5_synthetic
Gasabo,Rusororo,urban,apartment,3,4,54.3,brick,cement,iron_sheet,0,0,1,0,0,3.7,tarmac,0,60000,EICV5_synthetic
Gasabo,Remera,urban,shared_compound,4,7,101.8,concrete,cement,concrete,1,1,0,1,1,1.4,tarmac,1,50000,EICV5_synthetic
Gasabo,Ndera,rural,standalone,2,3,30.7,brick,earth,grass,1,0,1,1,0,24.7,murram,0,32000,EICV5_synthetic
Gasabo,Gisozi,peri_urban,standalone,2,3,50.6,brick,tiles,tiles,1,1,1,1,1,11.6,footpath,0,43000,EICV5_synthetic
Gasabo,Bumbogo,urban,shared_compound,3,5,77.4,brick,cement,concrete,1,0,1,1,0,0.6,tarmac,1,82000,EICV5_synthetic
Gasabo,Remera,rural,standalone,3,4,59.5,mud_brick,earth,iron_sheet,1,0,1,1,1,9.5,murram,0,37000,EICV5_synthetic
Gasabo,Kacyiru,peri_urban,apartment,1,2,26.9,brick,cement,tiles,0,0,1,1,0,10.4,tarmac,0,109000,EICV5_synthetic
Gasabo,Shyorongi,rural,apartment,3,5,44.2,mud_brick,earth,iron_sheet,1,1,1,1,0,20.2,footpath,0,28000,EICV5_synthetic
Gasabo,Remera,rural,apartment,1,3,19.9,brick,earth,iron_sheet,0,0,0,1,1,9.7,murram,0,29000,EICV5_synthetic
Gasabo,Jabana,urban,shared_compound,1,2,14.4,brick,cement,iron_sheet,1,1,1,1,1,3.1,tarmac,0,40000,EICV5_synthetic
Gasabo,Kimironko,urban,villa,2,5,45.3,concrete,tiles,iron_sheet,1,1,1,1,0,3.0,murram,1,222000,EICV5_synthetic
Gasabo,Jabana,urban,standalone,2,5,29.1,mud_brick,tiles,iron_sheet,1,1,1,1,0,3.7,tarmac,0,40000,EICV5_synthetic
Gasabo,Remera,rural,standalone,2,4,51.4,mud_brick,cement,iron_sheet,0,0,1,1,0,24.2,footpath,0,22000,EICV5_synthetic
Gasabo,Ndera,rural,apartment,3,4,47.9,mixed,earth,grass,0,0,1,0,1,19.1,footpath,0,24000,EICV5_synthetic
Gasabo,Ndera,peri_urban,apartment,3,4,51.8,concrete,earth,iron_sheet,1,0,1,1,1,9.9,murram,0,55000,EICV5_synthetic
Gasabo,Gatsata,rural,standalone,1,4,14.5,mixed,earth,iron_sheet,0,0,1,1,0,11.3,footpath,0,30000,EICV5_synthetic
Gasabo,Ndera,peri_urban,standalone,1,4,18.3,brick,tiles,iron_sheet,1,0,0,1,0,5.6,murram,0,35000,EICV5_synthetic
Gasabo,Rusororo,peri_urban,apartment,3,6,75.2,brick,cement,iron_sheet,1,1,1,1,0,9.3,murram,0,41000,EICV5_synthetic
Gasabo,Remera,peri_urban,apartment,2,5,36.5,brick,cement,iron_sheet,1,1,1,1,0,10.6,footpath,0,25000,EICV5_synthetic
Gasabo,Kimironko,rural,apartment,2,3,30.1,brick,earth,iron_sheet,0,0,1,1,1,13.2,murram,0,58000,EICV5_synthetic
Gasabo,Shyorongi,rural,shared_compound,1,4,19.7,mud_brick,earth,iron_sheet,0,0,0,1,0,24.9,murram,0,26000,EICV5_synthetic
Gasabo,Kacyiru,peri_urban,shared_compound,1,3,22.1,mud_brick,cement,tiles,1,0,0,1,0,6.9,footpath,0,37000,EICV5_synthetic
Gasabo,Gikomero,rural,shared_compound,2,4,45.1,brick,cement,iron_sheet,1,0,1,1,0,17.8,footpath,0,34000,EICV5_synthetic
Gasabo,Ndera,urban,standalone,2,5,41.3,brick,tiles,concrete,1,0,1,1,0,4.6,tarmac,0,68000,EICV5_synthetic
Gasabo,Gikomero,urban,standalone,3,6,59.0,concrete,tiles,concrete,1,1,1,1,0,4.6,tarmac,0,186000,EICV5_synthetic
Gasabo,Bumbogo,rural,shared_compound,1,3,19.6,brick,cement,iron_sheet,0,0,1,0,0,17.9,footpath,0,67000,EICV5_synthetic
Gasabo,Kimironko,peri_urban,villa,2,5,30.4,brick,tiles,tiles,1,1,1,1,0,4.9,footpath,0,58000,EICV5_synthetic
Gasabo,Kacyiru,urban,apartment,4,6,98.5,mixed,tiles,iron_sheet,1,1,1,1,0,2.4,tarmac,1,40000,EICV5_synthetic
Gasabo,Kacyiru,peri_urban,standalone,2,4,35.3,concrete,tiles,iron_sheet,1,1,0,1,1,3.6,murram,0,50000,EICV5_synthetic
Gasabo,Gisozi,urban,apartment,1,2,17.1,brick,tiles,iron_sheet,1,1,1,1,0,1.6,tarmac,1,80000,EICV5_synthetic
Gasabo,Remera,urban,standalone,3,6,57.3,brick,tiles,iron_sheet,1,1,1,1,0,4.2,tarmac,0,134000,EICV5_synthetic
Gasabo,Gatsata,rural,standalone,1,2,21.2,brick,earth,iron_sheet,0,0,1,1,0,13.5,footpath,0,33000,EICV5_synthetic
Gasabo,Jabana,peri_urban,shared_compound,2,3,28.8,concrete,tiles,iron_sheet,1,1,0,1,1,3.7,tarmac,0,53000,EICV5_synthetic
Gasabo,Bumbogo,peri_urban,shared_compound,2,3,46.3,mud_brick,earth,iron_sheet,0,0,0,1,1,7.2,murram,0,104000,EICV5_synthetic
Gasabo,Kacyiru,rural,villa,2,4,42.9,mud_brick,earth,iron_sheet,0,0,1,0,1,18.2,footpath,0,29000,EICV5_synthetic
Gasabo,Remera,urban,standalone,4,7,75.3,brick,cement,iron_sheet,1,1,1,1,0,1.4,tarmac,1,63000,EICV5_synthetic
Gasabo,Kacyiru,urban,shared_compound,3,4,55.4,concrete,cement,tiles,1,1,1,1,0,2.1,tarmac,1,72000,EICV5_synthetic
Gasabo,Kimironko,urban,standalone,2,5,29.3,mixed,cement,tiles,1,1,1,1,0,4.2,tarmac,0,43000,EICV5_synthetic
Gasabo,Kacyiru,rural,standalone,1,2,25.4,brick,cement,iron_sheet,1,0,1,1,0,18.3,murram,0,48000,EICV5_synthetic
Gasabo,Kacyiru,peri_urban,standalone,2,4,29.5,brick,cement,iron_sheet,1,1,1,1,0,10.5,murram,0,25000,EICV5_synthetic
Gasabo,Ndera,urban,standalone,1,2,26.3,mixed,tiles,iron_sheet,1,1,1,1,0,0.6,tarmac,1,150000,EICV5_synthetic
Gasabo,Jali,urban,standalone,4,5,78.6,mixed,cement,iron_sheet,0,1,1,1,1,0.9,tarmac,1,100000,EICV5_synthetic
Gasabo,Gatsata,rural,villa,3,6,43.3,brick,cement,iron_sheet,0,1,1,1,0,23.8,murram,0,18000,EICV5_synthetic
Gasabo,Kinyinya,rural,apartment,1,2,23.2,brick,cement,iron_sheet,0,0,1,1,0,14.1,footpath,0,22000,EICV5_synthetic
Gasabo,Remera,rural,standalone,3,5,45.4,brick,earth,iron_sheet,0,1,1,1,1,22.1,footpath,0,24000,EICV5_synthetic
Gasabo,Shyorongi,peri_urban,standalone,1,3,18.0,mud_brick,cement,iron_sheet,1,0,1,1,0,9.2,murram,0,25000,EICV5_synthetic
Gasabo,Remera,peri_urban,apartment,4,6,57.7,brick,cement,iron_sheet,0,0,1,1,1,10.8,tarmac,0,79000,EICV5_synthetic
Gasabo,Shyorongi,urban,apartment,4,5,69.4,brick,earth,iron_sheet,1,1,0,1,0,3.0,murram,1,40000,EICV5_synthetic
Gasabo,Kacyiru,urban,standalone,1,3,22.2,concrete,cement,concrete,1,1,1,1,0,3.5,tarmac,0,114000,EICV5_synthetic
Gasabo,Bumbogo,peri_urban,apartment,2,4,51.1,concrete,cement,iron_sheet,0,1,0,1,0,11.0,murram,0,49000,EICV5_synthetic
Gasabo,Shyorongi,urban,shared_compound,3,5,46.7,concrete,cement,iron_sheet,1,1,1,1,1,3.1,tarmac,0,61000,EICV5_synthetic
Gasabo,Gisozi,urban,apartment,1,4,25.3,mixed,cement,tiles,1,1,1,1,1,1.7,tarmac,1,95000,EICV5_synthetic
Gasabo,Ndera,urban,apartment,2,3,34.7,brick,cement,iron_sheet,1,1,1,1,0,0.8,tarmac,1,187000,EICV5_synthetic
Gasabo,Bumbogo,urban,apartment,3,5,61.7,brick,tiles,iron_sheet,0,0,1,1,1,1.4,murram,1,98000,EICV5_synthetic
Gasabo,Kacyiru,urban,shared_compound,1,4,25.4,mixed,cement,concrete,1,1,1,1,0,3.7,murram,0,52000,EICV5_synthetic
Gasabo,Gatsata,urban,standalone,4,5,88.3,mixed,tiles,tiles,1,0,1,1,0,0.7,murram,1,40000,EICV5_synthetic
Gasabo,Remera,urban,standalone,4,5,77.3,brick,cement,tiles,1,1,1,1,0,2.8,tarmac,1,73000,EICV5_synthetic
Gasabo,Gisozi,peri_urban,standalone,1,3,21.1,brick,tiles,iron_sheet,1,0,0,1,1,8.8,tarmac,0,25000,EICV5_synthetic
Gasabo,Shyorongi,urban,shared_compound,4,5,94.3,mixed,cement,iron_sheet,1,1,1,1,1,4.2,tarmac,0,50000,EICV5_synthetic
Gasabo,Kimironko,urban,standalone,1,4,21.9,brick,cement,iron_sheet,1,1,1,1,0,1.6,tarmac,1,40000,EICV5_synthetic
Gasabo,Remera,rural,apartment,2,4,35.0,mud_brick,cement,iron_sheet,0,1,1,1,0,16.6,footpath,0,53000,EICV5_synthetic
Gasabo,Kinyinya,urban,apartment,1,4,14.5,concrete,tiles,iron_sheet,1,1,0,1,0,3.7,tarmac,0,88000,EICV5_synthetic
Gasabo,Bumbogo,rural,standalone,2,3,50.5,mud_brick,cement,iron_sheet,0,0,1,1,0,18.0,murram,0,35000,EICV5_synthetic
Gasabo,Kimironko,urban,standalone,2,3,33.7,mixed,tiles,tiles,1,1,1,0,1,0.6,tarmac,1,94000,EICV5_synthetic
Gasabo,Nduba,urban,apartment,4,6,84.8,brick,cement,iron_sheet,1,1,1,1,0,4.3,murram,0,40000,EICV5_synthetic
Gasabo,Shyorongi,peri_urban,villa,3,5,73.6,mud_brick,cement,iron_sheet,1,0,1,1,0,7.2,murram,0,25000,EICV5_synthetic
Gasabo,Rusororo,urban,standalone,2,3,32.0,concrete,tiles,iron_sheet,1,1,0,0,0,1.3,murram,1,50000,EICV5_synthetic
Gasabo,Jali,urban,apartment,3,6,59.7,concrete,cement,tiles,1,1,1,1,0,4.7,tarmac,0,74000,EICV5_synthetic
Gasabo,Gikomero,rural,standalone,2,3,29.3,brick,cement,iron_sheet,1,0,0,0,0,21.4,murram,0,12000,EICV5_synthetic
Gasabo,Gatsata,urban,standalone,3,6,49.2,concrete,cement,concrete,1,0,0,1,1,3.1,tarmac,0,57000,EICV5_synthetic
Gasabo,Ndera,urban,shared_compound,1,4,23.1,mud_brick,tiles,tiles,1,1,1,1,0,2.5,tarmac,1,80000,EICV5_synthetic
Gasabo,Ndera,urban,standalone,3,5,44.9,mixed,tiles,tiles,1,1,1,1,0,2.0,tarmac,1,78000,EICV5_synthetic
Gasabo,Bumbogo,peri_urban,standalone,1,4,15.5,mixed,earth,iron_sheet,0,0,0,1,1,3.5,murram,0,42000,EICV5_synthetic
Gasabo,Kacyiru,peri_urban,villa,3,4,68.0,mud_brick,cement,tiles,0,1,0,0,0,5.2,footpath,0,90000,EICV5_synthetic
Gasabo,Bumbogo,rural,apartment,2,3,37.4,mud_brick,earth,iron_sheet,0,1,1,1,0,8.4,murram,0,24000,EICV5_synthetic
Gasabo,Kacyiru,urban,standalone,2,3,50.2,mud_brick,cement,iron_sheet,1,0,1,0,1,4.0,tarmac,0,101000,EICV5_synthetic
Gasabo,Ndera,peri_urban,apartment,3,6,56.6,mud_brick,earth,iron_sheet,0,1,0,1,0,6.8,murram,0,129000,EICV5_synthetic
Gasabo,Gisozi,urban,standalone,2,3,29.6,brick,cement,iron_sheet,1,0,0,1,0,4.7,tarmac,0,60000,EICV5_synthetic
Gasabo,Kimironko,peri_urban,apartment,3,4,65.0,mud_brick,cement,tiles,1,1,1,1,0,4.8,murram,0,49000,EICV5_synthetic
Gasabo,Kimironko,peri_urban,shared_compound,1,4,17.9,mud_brick,cement,iron_sheet,0,1,1,1,0,10.0,footpath,0,59000,EICV5_synthetic
Gasabo,Gatsata,urban,shared_compound,4,5,98.9,brick,tiles,concrete,1,1,0,1,1,3.2,tarmac,0,53000,EICV5_synthetic
Gasabo,Kinyinya,urban,standalone,3,5,70.9,concrete,cement,iron_sheet,1,0,1,1,1,3.2,tarmac,0,59000,EICV5_synthetic
Gasabo,Kacyiru,peri_urban,standalone,2,3,41.0,brick,cement,tiles,1,1,1,1,0,8.8,murram,0,64000,EICV5_synthetic
Gasabo,Kimironko,urban,villa,5,8,72.8,concrete,cement,tiles,1,0,1,0,0,0.7,murram,1,209000,EICV5_synthetic
Gasabo,Kimironko,peri_urban,standalone,2,3,32.4,brick,cement,iron_sheet,1,0,1,1,0,8.0,tarmac,0,82000,EICV5_synthetic
Gasabo,Kimironko,peri_urban,standalone,3,4,73.2,mud_brick,earth,iron_sheet,1,1,1,1,0,10.5,footpath,0,46000,EICV5_synthetic
Gasabo,Kinyinya,peri_urban,apartment,3,6,58.2,brick,cement,iron_sheet,1,1,1,1,0,3.9,murram,0,43000,EICV5_synthetic
Gasabo,Gikomero,peri_urban,standalone,2,4,48.8,mud_brick,cement,iron_sheet,0,1,0,1,0,7.4,murram,0,30000,EICV5_synthetic
Gasabo,Kimironko,urban,standalone,1,4,23.0,concrete,tiles,iron_sheet,1,0,0,1,0,4.2,tarmac,0,83000,EICV5_synthetic
Gasabo,Jali,peri_urban,villa,2,4,45.1,brick,cement,iron_sheet,1,1,0,1,0,11.5,tarmac,0,25000,EICV5_synthetic
Gasabo,Shyorongi,urban,standalone,3,6,63.4,mud_brick,cement,tiles,1,0,1,1,1,3.1,tarmac,0,102000,EICV5_synthetic
Gasabo,Remera,urban,apartment,2,3,43.5,concrete,cement,iron_sheet,0,0,1,1,0,4.0,tarmac,0,58000,EICV5_synthetic
Gasabo,Kimironko,urban,standalone,3,4,78.6,concrete,cement,iron_sheet,1,1,0,1,0,1.9,tarmac,1,75000,EICV5_synthetic
Gasabo,Gisozi,peri_urban,standalone,3,6,71.8,brick,cement,iron_sheet,0,0,1,1,0,8.6,footpath,0,61000,EICV5_synthetic
Gasabo,Kimironko,peri_urban,shared_compound,3,6,46.1,mud_brick,cement,iron_sheet,0,1,0,1,0,4.3,footpath,0,28000,EICV5_synthetic
Gasabo,Nduba,peri_urban,apartment,2,4,38.7,brick,cement,iron_sheet,1,0,1,1,0,7.0,murram,0,25000,EICV5_synthetic
Gasabo,Kimironko,peri_urban,apartment,4,6,64.9,concrete,cement,iron_sheet,0,0,1,0,1,4.7,murram,0,41000,EICV5_synthetic
Gasabo,Kimironko,urban,standalone,1,4,20.4,mixed,cement,iron_sheet,1,1,1,1,1,1.3,tarmac,1,40000,EICV5_synthetic
Gasabo,Bumbogo,peri_urban,shared_compound,4,7,88.7,brick,cement,iron_sheet,0,1,1,1,0,4.8,tarmac,0,46000,EICV5_synthetic
Gasabo,Remera,peri_urban,standalone,1,2,15.0,brick,cement,iron_sheet,1,1,1,1,0,9.6,tarmac,0,56000,EICV5_synthetic
Gasabo,Remera,urban,standalone,4,5,95.9,brick,cement,iron_sheet,0,1,1,1,1,2.0,tarmac,1,55000,EICV5_synthetic
Gasabo,Kinyinya,peri_urban,standalone,1,2,21.4,mud_brick,cement,tiles,0,1,1,1,0,10.6,murram,0,78000,EICV5_synthetic
Gasabo,Ndera,urban,standalone,4,7,98.1,brick,cement,tiles,1,0,1,1,0,1.6,tarmac,1,78000,EICV5_synthetic
Gasabo,Ndera,peri_urban,apartment,3,5,55.6,mud_brick,earth,iron_sheet,1,0,0,1,1,5.0,murram,0,33000,EICV5_synthetic
Gasabo,Jabana,peri_urban,standalone,3,4,68.9,brick,cement,iron_sheet,0,0,1,1,0,4.6,murram,0,30000,EICV5_synthetic
Gasabo,Kimironko,rural,standalone,1,3,17.3,mud_brick,cement,iron_sheet,1,0,0,1,1,18.4,murram,0,35000,EICV5_synthetic
Gasabo,Nduba,urban,apartment,4,6,90.9,brick,cement,iron_sheet,1,1,1,1,1,3.6,tarmac,0,65000,EICV5_synthetic
Gasabo,Jabana,peri_urban,standalone,3,4,60.6,brick,tiles,tiles,0,0,1,1,0,5.4,footpath,0,158000,EICV5_synthetic
Gasabo,Gisozi,peri_urban,apartment,1,4,22.6,brick,tiles,tiles,1,1,1,1,0,6.0,murram,0,74000,EICV5_synthetic
Gasabo,Jali,peri_urban,standalone,2,4,35.9,mud_brick,cement,iron_sheet,1,0,1,0,1,11.0,murram,0,33000,EICV5_synthetic
Gasabo,Jabana,urban,standalone,2,5,45.2,brick,cement,concrete,1,1,0,1,0,4.9,tarmac,0,51000,EICV5_synthetic
Gasabo,Remera,peri_urban,villa,2,4,44.7,brick,tiles,iron_sheet,1,1,1,0,0,10.2,murram,0,25000,EICV5_synthetic
Gasabo,Kacyiru,rural,standalone,1,3,16.6,brick,cement,grass,1,1,0,1,1,17.2,footpath,0,71000,EICV5_synthetic
Gasabo,Kimironko,peri_urban,standalone,2,5,49.4,concrete,tiles,iron_sheet,0,1,1,1,1,5.0,footpath,0,35000,EICV5_synthetic
Gasabo,Kacyiru,urban,apartment,2,3,31.8,mixed,cement,iron_sheet,1,1,1,1,1,4.0,tarmac,0,99000,EICV5_synthetic
Gasabo,Rusororo,peri_urban,apartment,2,4,53.6,brick,earth,iron_sheet,1,0,1,1,0,9.7,tarmac,0,67000,EICV5_synthetic
Gasabo,Kimironko,peri_urban,standalone,1,4,16.0,brick,cement,iron_sheet,0,0,1,0,0,7.2,footpath,0,25000,EICV5_synthetic
Gasabo,Kimironko,peri_urban,standalone,3,4,78.7,brick,cement,iron_sheet,0,0,0,1,1,3.8,murram,0,78000,EICV5_synthetic
Gasabo,Kacyiru,peri_urban,apartment,1,2,14.4,brick,tiles,iron_sheet,1,0,1,1,0,5.9,tarmac,0,73000,EICV5_synthetic
Gasabo,Bumbogo,urban,shared_compound,2,4,32.0,mud_brick,cement,iron_sheet,1,1,0,1,0,0.6,tarmac,1,89000,EICV5_synthetic
Gasabo,Bumbogo,rural,standalone,1,2,15.5,mixed,earth,grass,1,0,1,0,1,14.6,footpath,0,40000,EICV5_synthetic
Gasabo,Kimironko,peri_urban,standalone,2,4,33.9,brick,cement,iron_sheet,1,1,1,1,0,8.2,murram,0,46000,EICV5_synthetic
Gasabo,Ndera,urban,apartment,2,5,44.3,brick,cement,tiles,1,1,0,1,0,4.6,tarmac,0,40000,EICV5_synthetic
Gasabo,Shyorongi,peri_urban,apartment,3,6,50.1,mixed,cement,iron_sheet,1,1,1,1,1,6.0,tarmac,0,48000,EICV5_synthetic
Gasabo,Shyorongi,urban,standalone,4,5,62.8,mixed,tiles,tiles,1,1,1,1,0,2.2,tarmac,1,72000,EICV5_synthetic
Gasabo,Shyorongi,peri_urban,shared_compound,3,6,68.9,brick,earth,iron_sheet,1,1,1,1,1,7.8,tarmac,0,25000,EICV5_synthetic
Gasabo,Kimironko,urban,apartment,3,5,77.5,brick,earth,iron_sheet,1,1,0,1,1,2.2,tarmac,1,40000,EICV5_synthetic
Gasabo,Kimironko,urban,standalone,3,5,45.4,concrete,cement,tiles,0,0,0,1,1,1.5,tarmac,1,42000,EICV5_synthetic
Gasabo,Jali,urban,apartment,3,5,45.4,mixed,earth,iron_sheet,1,1,1,1,0,0.9,tarmac,1,78000,EICV5_synthetic
Gasabo,Ndera,urban,standalone,3,6,50.6,brick,tiles,iron_sheet,1,1,1,1,0,0.9,tarmac,1,98000,EICV5_synthetic
Gasabo,Kimironko,peri_urban,apartment,3,4,56.9,brick,earth,iron_sheet,0,0,0,1,1,9.9,tarmac,0,27000,EICV5_synthetic
Gasabo,Gikomero,rural,apartment,3,5,68.5,mud_brick,earth,iron_sheet,0,0,1,1,0,12.5,footpath,0,40000,EICV5_synthetic
Gasabo,Rusororo,peri_urban,apartment,2,5,41.8,brick,earth,iron_sheet,1,1,0,1,0,7.9,murram,0,27000,EICV5_synthetic
Gasabo,Shyorongi,urban,standalone,1,4,21.6,brick,cement,concrete,1,1,1,1,0,2.8,tarmac,1,40000,EICV5_synthetic
Gasabo,Ndera,urban,apartment,2,5,50.1,brick,earth,iron_sheet,1,1,0,0,0,1.3,tarmac,1,59000,EICV5_synthetic
Gasabo,Jabana,peri_urban,standalone,4,5,104.9,brick,cement,iron_sheet,1,0,0,1,0,10.4,murram,0,40000,EICV5_synthetic
Gasabo,Remera,peri_urban,apartment,2,3,44.4,concrete,cement,iron_sheet,1,0,0,1,0,8.7,murram,0,25000,EICV5_synthetic
Gasabo,Kimironko,rural,standalone,2,5,30.8,mud_brick,earth,grass,0,1,1,1,1,12.2,footpath,0,28000,EICV5_synthetic
Gasabo,Kinyinya,rural,standalone,2,3,38.5,mixed,cement,iron_sheet,1,0,0,0,0,15.2,murram,0,26000,EICV5_synthetic
Gasabo,Jabana,rural,standalone,2,3,51.2,mud_brick,earth,iron_sheet,0,0,1,1,1,23.3,footpath,0,30000,EICV5_synthetic
Gasabo,Shyorongi,urban,shared_compound,3,5,79.0,brick,tiles,tiles,1,1,1,0,1,2.2,murram,1,42000,EICV5_synthetic
Gasabo,Remera,urban,standalone,2,3,38.3,concrete,cement,iron_sheet,1,0,0,0,0,4.3,murram,0,89000,EICV5_synthetic
Gasabo,Gatsata,peri_urban,standalone,3,4,68.2,mud_brick,cement,iron_sheet,0,0,1,1,0,9.9,murram,0,85000,EICV5_synthetic
Gasabo,Kimironko,rural,standalone,2,4,34.8,mud_brick,cement,iron_sheet,1,1,1,1,0,19.1,footpath,0,25000,EICV5_synthetic
Gasabo,Jali,urban,standalone,2,5,53.9,brick,cement,iron_sheet,1,0,0,0,0,4.2,tarmac,0,40000,EICV5_synthetic
Gasabo,Jabana,peri_urban,standalone,2,3,47.0,mud_brick,tiles,tiles,0,1,0,0,0,8.5,footpath,0,38000,EICV5_synthetic
Gasabo,Gisozi,peri_urban,standalone,2,3,42.9,brick,earth,iron_sheet,0,0,1,1,0,5.8,tarmac,0,62000,EICV5_synthetic
Gasabo,Kimironko,urban,standalone,2,4,37.3,mixed,cement,iron_sheet,0,0,1,0,0,4.4,tarmac,0,52000,EICV5_synthetic
Gasabo,Gikomero,urban,apartment,2,5,51.0,brick,cement,iron_sheet,1,1,0,1,0,4.7,tarmac,0,47000,EICV5_synthetic
Gasabo,Remera,urban,shared_compound,3,4,48.8,mud_brick,cement,tiles,1,1,1,1,0,3.6,tarmac,0,77000,EICV5_synthetic
Gasabo,Remera,peri_urban,apartment,4,6,103.6,mud_brick,cement,iron_sheet,0,0,1,0,1,9.5,footpath,0,25000,EICV5_synthetic
Gasabo,Remera,rural,apartment,1,4,25.8,mixed,earth,iron_sheet,1,0,1,1,1,9.3,murram,0,24000,EICV5_synthetic
Gasabo,Jali,urban,apartment,3,5,75.5,concrete,tiles,tiles,1,1,1,1,1,0.7,murram,1,174000,EICV5_synthetic
Gasabo,Ndera,urban,standalone,1,4,26.0,brick,tiles,concrete,1,0,1,1,0,3.3,tarmac,0,40000,EICV5_synthetic
Gasabo,Kimironko,peri_urban,standalone,2,3,41.3,mud_brick,cement,tiles,1,0,0,1,0,4.4,murram,0,108000,EICV5_synthetic
Gasabo,Remera,peri_urban,shared_compound,2,4,31.2,mixed,earth,iron_sheet,1,0,1,0,0,3.8,murram,0,49000,EICV5_synthetic
Gasabo,Kinyinya,urban,apartment,3,5,43.5,mud_brick,cement,iron_sheet,1,1,1,1,1,1.9,tarmac,1,91000,EICV5_synthetic
Gasabo,Kinyinya,peri_urban,shared_compound,1,2,22.2,brick,cement,iron_sheet,0,0,1,1,0,8.6,murram,0,56000,EICV5_synthetic
Gasabo,Rusororo,peri_urban,apartment,1,2,15.4,brick,cement,iron_sheet,1,1,1,1,1,7.9,murram,0,180000,EICV5_synthetic
Gasabo,Gatsata,peri_urban,standalone,2,4,34.7,mud_brick,earth,tiles,1,0,1,1,1,5.4,murram,0,43000,EICV5_synthetic
Gasabo,Gatsata,peri_urban,standalone,2,3,37.4,mud_brick,earth,iron_sheet,1,0,1,1,1,10.8,murram,0,50000,EICV5_synthetic
Gasabo,Nduba,urban,standalone,3,6,45.3,brick,tiles,concrete,1,1,1,0,1,1.0,tarmac,1,89000,EICV5_synthetic
Gasabo,Remera,urban,apartment,4,6,67.9,brick,tiles,iron_sheet,1,1,0,1,0,4.1,tarmac,0,58000,EICV5_synthetic
Gasabo,Remera,peri_urban,villa,3,6,55.3,concrete,cement,iron_sheet,1,0,1,0,0,5.8,tarmac,0,41000,EICV5_synthetic
Gasabo,Bumbogo,urban,standalone,2,4,46.1,concrete,cement,concrete,1,0,1,1,1,2.5,tarmac,1,81000,EICV5_synthetic
Gasabo,Shyorongi,peri_urban,villa,3,5,69.1,mixed,earth,iron_sheet,0,0,1,1,0,3.4,murram,0,35000,EICV5_synthetic
Gasabo,Kacyiru,peri_urban,standalone,2,3,29.4,brick,cement,iron_sheet,0,0,0,0,1,11.0,footpath,0,45000,EICV5_synthetic
Gasabo,Gikomero,peri_urban,standalone,2,4,36.8,brick,tiles,iron_sheet,1,1,1,1,0,5.3,tarmac,0,71000,EICV5_synthetic
Gasabo,Nduba,peri_urban,apartment,2,4,33.2,mud_brick,cement,tiles,0,1,1,0,1,5.1,footpath,0,33000,EICV5_synthetic
Gasabo,Jali,urban,standalone,5,8,94.3,brick,cement,iron_sheet,1,1,1,0,1,3.5,tarmac,0,64000,EICV5_synthetic
Gasabo,Kacyiru,rural,apartment,1,3,25.1,mud_brick,earth,grass,0,1,0,1,0,13.6,footpath,0,26000,EICV5_synthetic
Gasabo,Gikomero,urban,shared_compound,3,6,57.5,concrete,earth,concrete,1,1,1,0,1,1.3,tarmac,1,40000,EICV5_synthetic
Gasabo,Rutunga,peri_urban,standalone,3,6,73.9,mud_brick,cement,tiles,1,0,1,1,1,6.4,murram,0,31000,EICV5_synthetic
Gasabo,Kinyinya,rural,apartment,1,2,25.6,mixed,cement,iron_sheet,0,0,0,0,0,24.4,murram,0,14000,EICV5_synthetic
Gasabo,Kacyiru,peri_urban,apartment,4,5,73.6,concrete,cement,tiles,1,0,0,0,1,4.8,murram,0,46000,EICV5_synthetic
Gasabo,Jabana,rural,standalone,2,3,40.4,brick,earth,grass,1,0,0,1,1,20.4,footpath,0,57000,EICV5_synthetic
Gasabo,Gatsata,peri_urban,shared_compound,1,3,16.9,brick,cement,iron_sheet,1,1,1,1,0,7.6,tarmac,0,93000,EICV5_synthetic
Gasabo,Kacyiru,peri_urban,shared_compound,2,5,37.6,mud_brick,cement,tiles,0,0,1,1,0,9.4,tarmac,0,82000,EICV5_synthetic
Gasabo,Gatsata,urban,shared_compound,3,6,78.9,brick,earth,iron_sheet,1,1,1,1,1,1.8,tarmac,1,40000,EICV5_synthetic
Gasabo,Rusororo,peri_urban,apartment,1,3,15.6,concrete,cement,iron_sheet,1,1,1,1,0,11.7,footpath,0,27000,EICV5_synthetic
Gasabo,Jali,peri_urban,standalone,3,5,49.1,mixed,cement,iron_sheet,0,1,1,0,1,9.7,footpath,0,38000,EICV5_synthetic
Gasabo,Kinyinya,rural,standalone,3,4,47.8,brick,earth,grass,1,0,1,1,0,20.6,footpath,0,15000,EICV5_synthetic
Gasabo,Jali,peri_urban,apartment,1,4,25.6,mud_brick,cement,iron_sheet,0,0,1,1,0,9.0,footpath,0,31000,EICV5_synthetic
Gasabo,Jabana,rural,apartment,1,4,14.4,mixed,earth,grass,0,0,1,0,0,12.2,murram,0,39000,EICV5_synthetic
Gasabo,Rusororo,urban,shared_compound,1,4,22.2,mixed,earth,iron_sheet,1,1,0,1,1,1.6,tarmac,1,61000,EICV5_synthetic
Gasabo,Kacyiru,peri_urban,apartment,3,4,78.4,brick,tiles,iron_sheet,1,1,1,0,0,10.7,murram,0,97000,EICV5_synthetic
Gasabo,Kimironko,urban,apartment,3,6,69.8,concrete,earth,iron_sheet,1,1,1,1,0,1.2,murram,1,123000,EICV5_synthetic
Gasabo,Nduba,urban,apartment,3,6,65.3,brick,cement,tiles,1,1,0,1,0,1.3,tarmac,1,49000,EICV5_synthetic
Gasabo,Remera,peri_urban,apartment,3,5,58.4,brick,cement,iron_sheet,0,0,1,1,1,4.8,murram,0,41000,EICV5_synthetic
Gasabo,Remera,peri_urban,standalone,2,3,42.3,concrete,earth,tiles,1,0,0,1,0,8.8,murram,0,28000,EICV5_synthetic
Gasabo,Remera,urban,standalone,1,4,25.5,brick,cement,iron_sheet,1,1,1,1,1,1.0,murram,1,48000,EICV5_synthetic
Gasabo,Rusororo,peri_urban,standalone,1,3,23.2,brick,cement,iron_sheet,0,1,1,1,0,10.5,footpath,0,30000,EICV5_synthetic
Gasabo,Nduba,urban,standalone,1,4,19.7,brick,cement,concrete,1,0,1,1,1,2.4,tarmac,1,95000,EICV5_synthetic
Gasabo,Gatsata,rural,standalone,2,3,52.7,mud_brick,earth,iron_sheet,1,0,1,1,0,23.6,footpath,0,41000,EICV5_synthetic
Gasabo,Remera,urban,apartment,2,4,41.9,concrete,cement,concrete,1,1,1,1,0,1.1,tarmac,1,40000,EICV5_synthetic
Gasabo,Jali,urban,apartment,2,4,45.8,mixed,earth,concrete,1,1,1,1,0,3.5,tarmac,0,40000,EICV5_synthetic
Gasabo,Kinyinya,peri_urban,standalone,2,4,33.3,brick,earth,tiles,0,0,1,1,0,9.6,murram,0,52000,EICV5_synthetic
Gasabo,Kinyinya,urban,shared_compound,4,5,80.8,mixed,cement,tiles,1,1,1,0,0,1.7,tarmac,1,53000,EICV5_synthetic
Gasabo,Ndera,urban,standalone,1,3,26.7,brick,cement,iron_sheet,0,0,1,0,0,1.4,tarmac,1,68000,EICV5_synthetic
Gasabo,Ndera,peri_urban,apartment,1,4,15.9,mixed,cement,iron_sheet,1,0,1,1,0,6.6,tarmac,0,25000,EICV5_synthetic
Gasabo,Ndera,urban,standalone,2,3,35.4,brick,earth,concrete,1,1,1,1,0,1.2,tarmac,1,40000,EICV5_synthetic
Gasabo,Gisozi,urban,apartment,3,6,68.5,mixed,tiles,iron_sheet,1,1,0,1,0,2.5,tarmac,1,97000,EICV5_synthetic
Gasabo,Kinyinya,peri_urban,apartment,2,3,41.1,concrete,earth,iron_sheet,0,0,1,1,1,11.3,tarmac,0,25000,EICV5_synthetic
Gasabo,Rutunga,peri_urban,standalone,2,4,49.0,mud_brick,earth,iron_sheet,0,1,1,1,1,7.5,tarmac,0,84000,EICV5_synthetic
Gasabo,Jabana,peri_urban,villa,2,3,36.4,brick,earth,iron_sheet,0,1,0,1,0,9.9,footpath,0,37000,EICV5_synthetic
Gasabo,Gatsata,rural,villa,1,4,26.7,mud_brick,earth,grass,1,0,1,1,0,8.9,murram,0,16000,EICV5_synthetic
Gasabo,Kimironko,peri_urban,shared_compound,2,4,47.7,mud_brick,cement,iron_sheet,1,1,0,1,1,3.4,footpath,0,31000,EICV5_synthetic
Gasabo,Bumbogo,peri_urban,apartment,2,5,52.8,concrete,earth,iron_sheet,1,1,0,1,0,4.1,tarmac,0,25000,EICV5_synthetic
Gasabo,Jabana,urban,shared_compound,4,7,57.8,mixed,cement,iron_sheet,1,1,0,0,1,3.2,tarmac,0,72000,EICV5_synthetic
Gasabo,Gisozi,urban,standalone,3,5,63.7,brick,tiles,iron_sheet,0,1,1,1,0,2.8,tarmac,1,50000,EICV5_synthetic
Gasabo,Remera,urban,apartment,2,4,44.1,brick,earth,iron_sheet,1,1,1,1,1,1.5,tarmac,1,66000,EICV5_synthetic
Gasabo,Gatsata,urban,standalone,3,6,59.1,brick,cement,concrete,1,1,0,0,0,2.2,tarmac,1,137000,EICV5_synthetic
Gasabo,Remera,peri_urban,standalone,3,4,74.9,mud_brick,earth,iron_sheet,0,0,0,1,0,4.1,tarmac,0,53000,EICV5_synthetic
Gasabo,Gikomero,peri_urban,apartment,3,5,51.3,brick,cement,iron_sheet,1,0,0,1,1,6.2,murram,0,69000,EICV5_synthetic
Gasabo,Kimironko,peri_urban,standalone,1,2,17.6,brick,tiles,iron_sheet,0,1,0,1,0,3.2,murram,0,37000,EICV5_synthetic
Gasabo,Gisozi,urban,apartment,4,5,69.7,mixed,cement,iron_sheet,0,1,0,1,1,3.2,tarmac,0,40000,EICV5_synthetic
Gasabo,Gisozi,urban,apartment,2,4,39.5,mud_brick,cement,iron_sheet,0,1,1,1,1,1.2,tarmac,1,84000,EICV5_synthetic
Gasabo,Shyorongi,peri_urban,shared_compound,2,3,44.2,concrete,earth,tiles,1,1,1,1,0,10.4,footpath,0,25000,EICV5_synthetic
Gasabo,Remera,urban,shared_compound,2,3,49.5,mud_brick,cement,tiles,1,1,1,1,0,3.9,tarmac,0,69000,EICV5_synthetic
Gasabo,Kimironko,peri_urban,standalone,3,4,64.5,brick,cement,iron_sheet,1,0,0,1,0,4.4,murram,0,30000,EICV5_synthetic
Gasabo,Nduba,urban,villa,1,2,18.4,brick,cement,concrete,0,1,1,1,0,1.6,murram,1,40000,EICV5_synthetic
Gasabo,Bumbogo,urban,villa,2,3,49.7,concrete,cement,iron_sheet,1,1,1,1,0,2.8,tarmac,1,128000,EICV5_synthetic
Gasabo,Gikomero,urban,apartment,2,4,46.6,brick,earth,iron_sheet,1,1,0,0,0,3.1,tarmac,0,111000,EICV5_synthetic
Gasabo,Rusororo,peri_urban,shared_compound,3,5,63.1,brick,cement,iron_sheet,1,1,0,1,0,4.4,murram,0,36000,EICV5_synthetic
Gasabo,Gisozi,peri_urban,villa,1,4,19.7,brick,cement,iron_sheet,1,1,1,0,1,6.2,murram,0,33000,EICV5_synthetic
Gasabo,Rutunga,peri_urban,villa,2,4,31.1,mud_brick,earth,iron_sheet,0,0,0,0,0,9.2,murram,0,35000,EICV5_synthetic
Gasabo,Kinyinya,urban,apartment,1,3,15.7,mixed,earth,iron_sheet,1,1,0,0,1,3.6,tarmac,0,90000,EICV5_synthetic
Gasabo,Remera,urban,apartment,3,4,80.7,concrete,cement,iron_sheet,1,1,1,1,0,2.5,tarmac,1,180000,EICV5_synthetic
Gasabo,Kacyiru,peri_urban,standalone,3,6,77.9,mixed,cement,iron_sheet,1,1,0,1,1,4.3,footpath,0,38000,EICV5_synthetic
Gasabo,Gikomero,urban,standalone,2,3,42.3,mixed,cement,tiles,1,0,0,1,0,1.9,tarmac,1,129000,EICV5_synthetic
Gasabo,Kimironko,rural,shared_compound,1,4,23.9,mud_brick,earth,iron_sheet,0,0,0,1,0,11.2,murram,0,27000,EICV5_synthetic
Gasabo,Rutunga,peri_urban,apartment,2,4,52.1,brick,cement,tiles,1,1,1,1,0,7.7,footpath,0,54000,EICV5_synthetic
Gasabo,Bumbogo,peri_urban,shared_compound,3,6,66.8,brick,earth,iron_sheet,0,1,1,0,0,6.2,murram,0,25000,EICV5_synthetic
Gasabo,Gisozi,rural,standalone,1,2,20.4,brick,earth,grass,0,1,1,1,0,19.2,murram,0,24000,EICV5_synthetic
Gasabo,Kacyiru,peri_urban,apartment,2,5,52.6,concrete,tiles,iron_sheet,1,0,0,1,0,7.5,footpath,0,28000,EICV5_synthetic
Gasabo,Gatsata,rural,apartment,1,4,21.4,mud_brick,cement,iron_sheet,1,0,1,1,1,8.2,murram,0,14000,EICV5_synthetic
Gasabo,Rutunga,urban,apartment,4,6,62.6,brick,tiles,tiles,1,0,1,1,0,2.5,tarmac,1,103000,EICV5_synthetic
Gasabo,Gisozi,peri_urban,apartment,2,3,42.7,concrete,earth,iron_sheet,1,1,1,1,0,3.0,tarmac,0,63000,EICV5_synthetic
Gasabo,Bumbogo,urban,shared_compound,1,2,22.6,brick,tiles,iron_sheet,1,1,1,1,1,1.2,tarmac,1,89000,EICV5_synthetic
Gasabo,Ndera,rural,standalone,2,4,50.8,mud_brick,earth,iron_sheet,0,1,0,1,1,14.7,footpath,0,37000,EICV5_synthetic
Gasabo,Rusororo,urban,standalone,5,8,121.9,brick,cement,iron_sheet,0,1,1,1,1,3.7,tarmac,0,70000,EICV5_synthetic
Gasabo,Kimironko,rural,apartment,3,6,70.2,mud_brick,earth,iron_sheet,1,1,1,0,0,23.1,murram,0,57000,EICV5_synthetic
Gasabo,Gisozi,peri_urban,apartment,1,3,16.1,mud_brick,tiles,iron_sheet,1,1,1,0,0,8.1,murram,0,34000,EICV5_synthetic
Gasabo,Kimironko,urban,standalone,2,4,46.5,concrete,cement,iron_sheet,1,1,1,1,0,4.0,tarmac,0,40000,EICV5_synthetic
Gasabo,Kimironko,peri_urban,apartment,4,6,81.6,mixed,earth,iron_sheet,1,0,1,0,0,10.4,tarmac,0,56000,EICV5_synthetic
Gasabo,Bumbogo,peri_urban,shared_compound,1,2,17.9,brick,cement,iron_sheet,0,1,1,0,0,7.5,footpath,0,41000,EICV5_synthetic
Gasabo,Rusororo,urban,apartment,3,6,62.0,brick,earth,iron_sheet,1,1,0,1,0,1.6,tarmac,1,95000,EICV5_synthetic
Gasabo,Jali,urban,standalone,4,6,68.2,brick,tiles,concrete,1,1,1,0,1,1.8,tarmac,1,93000,EICV5_synthetic
Gasabo,Shyorongi,peri_urban,standalone,3,6,76.1,brick,cement,iron_sheet,0,0,0,0,1,6.3,murram,0,43000,EICV5_synthetic
Gasabo,Remera,rural,shared_compound,1,2,17.1,mud_brick,earth,iron_sheet,0,0,1,1,0,11.7,murram,0,13000,EICV5_synthetic
Gasabo,Remera,urban,apartment,3,5,79.3,mixed,cement,iron_sheet,1,1,1,1,0,2.1,tarmac,1,64000,EICV5_synthetic
Gasabo,Gatsata,urban,shared_compound,2,4,34.9,brick,tiles,tiles,1,1,1,1,0,0.8,tarmac,1,54000,EICV5_synthetic
Gasabo,Kimironko,peri_urban,apartment,3,5,62.4,concrete,tiles,iron_sheet,1,0,0,0,0,9.7,murram,0,29000,EICV5_synthetic
Gasabo,Kimironko,urban,standalone,1,2,22.3,mixed,cement,iron_sheet,0,0,1,1,0,2.8,murram,1,40000,EICV5_synthetic
Gasabo,Kacyiru,urban,apartment,1,2,16.7,mud_brick,cement,iron_sheet,1,1,1,0,1,2.4,tarmac,1,40000,EICV5_synthetic
Gasabo,Kimironko,urban,standalone,3,6,69.5,brick,cement,iron_sheet,1,1,1,1,0,2.7,tarmac,1,68000,EICV5_synthetic
Gasabo,Kimironko,urban,shared_compound,3,5,47.0,concrete,tiles,tiles,1,1,1,0,1,4.3,tarmac,0,63000,EICV5_synthetic
Gasabo,Jali,urban,standalone,3,6,45.4,brick,cement,concrete,1,1,1,1,0,4.4,tarmac,0,40000,EICV5_synthetic
Gasabo,Shyorongi,urban,standalone,3,5,79.0,concrete,cement,concrete,1,0,1,0,0,3.5,murram,0,103000,EICV5_synthetic
Gasabo,Ndera,urban,standalone,3,4,56.2,brick,cement,tiles,0,1,0,1,0,4.2,tarmac,0,40000,EICV5_synthetic
Gasabo,Remera,urban,standalone,3,4,72.4,mixed,cement,tiles,1,1,1,1,0,1.7,tarmac,1,74000,EICV5_synthetic
Gasabo,Kimironko,urban,villa,5,6,78.1,concrete,earth,iron_sheet,1,0,0,1,0,1.8,tarmac,1,93000,EICV5_synthetic
Gasabo,Gisozi,urban,apartment,4,7,71.2,brick,cement,iron_sheet,1,1,0,1,1,3.2,murram,0,42000,EICV5_synthetic
Gasabo,Rusororo,peri_urban,shared_compound,2,5,44.5,brick,cement,iron_sheet,1,0,0,1,1,3.3,tarmac,0,26000,EICV5_synthetic
Gasabo,Jabana,peri_urban,standalone,2,5,36.2,concrete,cement,iron_sheet,1,1,0,1,0,6.8,footpath,0,32000,EICV5_synthetic
Gasabo,Jabana,rural,apartment,1,4,18.5,brick,earth,grass,0,0,0,1,1,10.4,footpath,0,18000,EICV5_synthetic
Gasabo,Kinyinya,rural,apartment,2,4,46.0,brick,earth,grass,0,1,1,1,1,20.1,murram,0,53000,EICV5_synthetic
Gasabo,Bumbogo,urban,apartment,4,6,68.0,mixed,tiles,iron_sheet,1,1,1,1,0,2.6,tarmac,1,61000,EICV5_synthetic
Gasabo,Rusororo,urban,apartment,2,3,46.8,concrete,cement,concrete,1,1,0,0,0,4.5,tarmac,0,105000,EICV5_synthetic
Gasabo,Ndera,urban,standalone,3,6,52.7,brick,cement,iron_sheet,1,1,0,1,0,4.8,tarmac,0,50000,EICV5_synthetic
Gasabo,Kinyinya,peri_urban,standalone,1,3,22.9,brick,cement,tiles,1,0,1,1,0,5.3,tarmac,0,33000,EICV5_synthetic
Gasabo,Jabana,urban,standalone,2,5,40.7,brick,tiles,iron_sheet,1,1,0,1,0,2.3,tarmac,1,87000,EICV5_synthetic
Gasabo,Shyorongi,rural,standalone,2,4,34.4,brick,cement,grass,0,1,1,1,0,21.8,footpath,0,38000,EICV5_synthetic
Gasabo,Bumbogo,urban,standalone,3,6,62.8,concrete,earth,concrete,1,1,0,1,0,4.7,tarmac,0,67000,EICV5_synthetic
Gasabo,Remera,urban,shared_compound,2,4,41.5,brick,cement,iron_sheet,1,1,1,1,0,3.4,murram,0,57000,EICV5_synthetic
Gasabo,Gisozi,rural,standalone,3,4,70.8,mixed,earth,grass,0,1,1,0,0,8.8,murram,0,36000,EICV5_synthetic
Gasabo,Kinyinya,rural,apartment,1,2,14.6,mud_brick,cement,iron_sheet,0,0,0,0,0,18.7,footpath,0,20000,EICV5_synthetic
Gasabo,Kimironko,urban,standalone,1,3,26.2,mixed,cement,iron_sheet,0,1,1,0,0,4.2,murram,0,163000,EICV5_synthetic
Gasabo,Ndera,urban,standalone,3,5,47.1,brick,cement,concrete,1,1,0,1,0,1.4,tarmac,1,46000,EICV5_synthetic
Gasabo,Shyorongi,urban,apartment,2,5,42.1,mixed,cement,concrete,1,1,1,0,0,2.5,tarmac,1,40000,EICV5_synthetic
Gasabo,Kimironko,peri_urban,apartment,3,5,43.8,concrete,cement,tiles,1,1,0,1,0,8.4,footpath,0,57000,EICV5_synthetic
Gasabo,Kimironko,urban,standalone,1,3,23.2,brick,tiles,iron_sheet,1,1,0,1,0,1.0,murram,1,100000,EICV5_synthetic
Gasabo,Remera,peri_urban,standalone,4,5,98.7,concrete,tiles,tiles,1,1,0,1,0,5.3,footpath,0,25000,EICV5_synthetic
Gasabo,Kacyiru,peri_urban,standalone,3,4,51.0,concrete,cement,iron_sheet,0,0,1,1,1,8.2,murram,0,25000,EICV5_synthetic
Gasabo,Gisozi,urban,standalone,3,5,64.4,brick,cement,tiles,1,1,1,1,1,3.0,tarmac,1,70000,EICV5_synthetic
Gasabo,Remera,urban,apartment,2,4,40.4,brick,cement,tiles,1,1,0,1,1,4.0,murram,0,40000,EICV5_synthetic
Gasabo,Bumbogo,urban,standalone,1,2,15.9,concrete,cement,iron_sheet,1,1,1,1,0,4.5,tarmac,0,40000,EICV5_synthetic
Gasabo,Remera,urban,shared_compound,3,4,58.1,concrete,cement,iron_sheet,0,1,0,1,0,4.9,tarmac,0,40000,EICV5_synthetic
Gasabo,Kacyiru,urban,standalone,3,5,51.5,brick,cement,iron_sheet,1,1,1,1,0,2.8,tarmac,1,42000,EICV5_synthetic
Gasabo,Shyorongi,urban,standalone,4,5,64.2,mixed,earth,concrete,0,1,1,1,0,1.3,murram,1,40000,EICV5_synthetic
Gasabo,Remera,rural,standalone,2,4,52.8,mixed,cement,iron_sheet,0,1,1,1,0,18.3,footpath,0,25000,EICV5_synthetic
